,Heartrate,TotalSteps,sleepMin
0,94.52857143,1988,464
1,106.1719858,10976,68
2,77.8102981,10976,68
3,73.16129032,15459,458
4,113.171875,9917,352
5,94.60141509,7238,516
6,58.54019293,8921,448
7,97.13856813,9910,63
8,73.89393939,11107,462
9,104.7583548,11761,455
10,72.21012658,15444,405
